ablation,setting,readings_before_alerts_allowed,rule,sens_30d,sens_30d_lo,sens_30d_hi,sens_90d,sens_90d_lo,sens_90d_hi,rmtd_90d,rmtd_90d_lo,rmtd_90d_hi,median_delay_days,median_delay_days_lo,median_delay_days_hi,false_alarms_per_patient_year_stable,false_alarms_per_patient_year_stable_lo,false_alarms_per_patient_year_stable_hi,warmup_false_alarms_per_stable_patient,warmup_false_alarms_per_stable_patient_lo,warmup_false_alarms_per_stable_patient_hi
confidence_gate,0.0,0,R1,0.7462,0.6851,0.8063,0.9254,0.877,0.9668,22.5604,18.3909,26.595,11.0,9.0,14.0,73.0474,68.5734,77.5902,4.8,4.3376,5.296
confidence_gate,0.0,0,R2,0.3513,0.2954,0.4093,0.7326,0.677,0.7952,50.7198,46.2615,54.6102,44.0,39.0,52.0,23.2976,20.9076,26.1362,1.5125,1.1757,1.881
confidence_gate,0.0,0,R3,0.3769,0.3156,0.4397,0.7661,0.7035,0.8258,48.0051,43.7503,52.2204,41.0,35.0,48.0,23.4527,21.5016,25.7568,1.625,1.2911,1.9849
confidence_gate,0.1,2,R1,0.7462,0.6851,0.8063,0.9254,0.877,0.9668,22.5604,18.3909,26.595,11.0,9.0,14.0,72.5303,68.0162,77.1144,4.325,3.8734,4.7977
confidence_gate,0.1,2,R2,0.3513,0.2954,0.4093,0.7326,0.677,0.7952,50.7198,46.2615,54.6102,44.0,39.0,52.0,22.9615,20.5292,25.7882,1.225,0.962,1.5076
confidence_gate,0.1,2,R3,0.3718,0.3108,0.4356,0.7609,0.699,0.8214,48.419,44.0414,52.5387,41.0,36.0,48.5,23.0778,21.1047,25.3648,1.3625,1.0799,1.687
confidence_gate,0.2,3,R1,0.7462,0.6851,0.8063,0.9254,0.877,0.9668,22.5604,18.3909,26.595,11.0,9.0,14.0,71.9614,67.459,76.5166,3.8375,3.4117,4.2861
confidence_gate,0.2,3,R2,0.3513,0.2954,0.4093,0.7326,0.677,0.7952,50.7198,46.2615,54.6102,44.0,39.0,52.0,22.5607,20.1384,25.3055,0.8875,0.6538,1.1493
confidence_gate,0.2,3,R3,0.3692,0.3093,0.4337,0.7584,0.6955,0.8209,48.6427,44.0975,52.8154,41.5,36.0,49.0,22.8063,20.8717,25.1098,1.1375,0.897,1.4051
confidence_gate,0.35,5,R1,0.7462,0.6851,0.8063,0.9254,0.877,0.9668,22.5964,18.3988,26.6636,11.0,9.0,14.0,70.6297,66.2736,75.2573,2.9625,2.5453,3.4051
confidence_gate,0.35,5,R2,0.3513,0.2954,0.4093,0.7326,0.677,0.7952,50.7198,46.2615,54.6102,44.0,39.0,52.0,22.2374,19.7918,25.0668,0.65,0.4333,0.88
confidence_gate,0.35,5,R3,0.3692,0.3093,0.4337,0.7558,0.6927,0.8187,48.6658,44.1208,52.8249,41.5,36.0,49.0,22.496,20.5475,24.8224,0.9125,0.6848,1.1628
confidence_gate,0.5,6,R1,0.7462,0.6851,0.8063,0.9254,0.877,0.9668,22.6375,18.487,26.7281,11.0,9.0,14.0,69.9187,65.5229,74.5888,2.5625,2.125,3.0233
confidence_gate,0.5,6,R2,0.3513,0.2954,0.4093,0.7301,0.6746,0.7917,50.7429,46.3064,54.6342,44.0,39.0,52.0,22.1082,19.7027,24.9309,0.55,0.3658,0.7443
confidence_gate,0.5,6,R3,0.3692,0.3093,0.4337,0.7558,0.6927,0.8187,48.6658,44.1208,52.8249,41.5,36.0,49.0,22.3797,20.4306,24.7356,0.8625,0.6455,1.1047
confidence_gate,0.75,9,R1,0.7462,0.6851,0.8063,0.9152,0.868,0.9562,22.9023,18.7429,27.0013,10.5,9.0,14.0,67.2812,62.6009,72.0065,1.325,1.0294,1.6579
confidence_gate,0.75,9,R2,0.3513,0.2954,0.4093,0.7275,0.6721,0.7881,50.7841,46.3221,54.6832,43.5,38.5,52.0,21.4488,19.0594,24.1807,0.2125,0.1039,0.3333
confidence_gate,0.75,9,R3,0.3641,0.304,0.4277,0.7532,0.6907,0.8149,48.7506,44.1825,52.8942,41.0,36.0,49.0,21.2031,19.2684,23.4666,0.325,0.1954,0.4933
confidence_gate,1.0,12,R1,0.7282,0.6666,0.7914,0.91,0.8617,0.9508,23.9512,19.5876,28.2391,10.5,9.0,14.0,65.3936,60.7767,70.1351,0.65,0.4415,0.9037
confidence_gate,1.0,12,R2,0.3487,0.2928,0.4075,0.7147,0.659,0.7766,51.545,47.0881,55.555,47.0,39.0,53.0,20.9446,18.5492,23.7052,0.0625,0.0127,0.1191
confidence_gate,1.0,12,R3,0.359,0.2985,0.4223,0.7404,0.6754,0.8057,49.7301,45.0715,54.0134,41.5,36.0,49.0,20.6084,18.6422,22.813,0.1375,0.0405,0.264
