ablation,setting,contributions_kept,rule,sens_30d,sens_30d_lo,sens_30d_hi,sens_90d,sens_90d_lo,sens_90d_hi,rmtd_90d,rmtd_90d_lo,rmtd_90d_hi,median_delay_days,median_delay_days_lo,median_delay_days_hi,false_alarms_per_patient_year_stable,false_alarms_per_patient_year_stable_lo,false_alarms_per_patient_year_stable_hi,warmup_false_alarms_per_stable_patient,warmup_false_alarms_per_stable_patient_lo,warmup_false_alarms_per_stable_patient_hi
left_sessions,all sessions (as shipped),1.0,R1,0.7462,0.6851,0.8063,0.9254,0.877,0.9668,22.5964,18.3988,26.6636,11.0,9.0,14.0,70.6297,66.2736,75.2573,2.9625,2.5453,3.4051
left_sessions,all sessions (as shipped),1.0,R2,0.3513,0.2954,0.4093,0.7326,0.677,0.7952,50.7198,46.2615,54.6102,44.0,39.0,52.0,22.2374,19.7918,25.0668,0.65,0.4333,0.88
left_sessions,all sessions (as shipped),1.0,R3,0.3692,0.3093,0.4337,0.7558,0.6927,0.8187,48.6658,44.1208,52.8249,41.5,36.0,49.0,22.496,20.5475,24.8224,0.9125,0.6848,1.1628
left_sessions,finished sessions only,0.9015,R1,0.7513,0.6925,0.8122,0.9332,0.8856,0.9717,22.7892,18.9492,26.5902,12.0,10.0,14.0,67.139,62.7334,71.7461,2.425,2.0394,2.8125
left_sessions,finished sessions only,0.9015,R2,0.3359,0.2809,0.3943,0.7326,0.6775,0.7929,50.581,46.2793,54.494,43.0,38.0,50.0,20.1688,17.9521,22.4792,0.525,0.3552,0.7
left_sessions,finished sessions only,0.9015,R3,0.341,0.2794,0.402,0.7429,0.6811,0.8063,50.2519,45.6328,54.7728,43.5,36.0,51.0,19.3414,17.5908,21.4,0.675,0.5,0.8668
left_sessions,confidence at least 0.5,0.7185,R1,0.6864,0.6225,0.747,0.9201,0.8747,0.9589,27.1753,23.0242,31.3138,16.0,14.0,21.0,58.7612,54.236,63.5809,1.7,1.3904,2.045
left_sessions,confidence at least 0.5,0.7185,R2,0.2674,0.2123,0.3282,0.6418,0.5762,0.7115,56.5258,52.1194,60.7764,51.5,43.9875,61.0,15.1783,13.5195,16.9851,0.3,0.1685,0.4545
left_sessions,confidence at least 0.5,0.7185,R3,0.2931,0.2371,0.3519,0.7036,0.6401,0.7676,53.768,49.5633,57.8737,49.0,42.0,55.0,15.6309,14.0556,17.4319,0.375,0.2466,0.5165
left_sessions,confidence at least 0.7,0.4583,R1,0.5697,0.5072,0.6259,0.8634,0.8136,0.9094,34.3944,30.3925,38.6007,24.0,20.0,29.0,44.2811,40.466,47.8955,0.7625,0.5789,0.9643
left_sessions,confidence at least 0.7,0.4583,R2,0.2043,0.1596,0.2523,0.5839,0.517,0.6528,61.4658,57.3852,65.0502,60.0,54.0,69.0,11.2608,9.8874,12.6282,0.175,0.0886,0.2857
left_sessions,confidence at least 0.7,0.4583,R3,0.192,0.1449,0.2435,0.5932,0.5211,0.6667,62.1615,57.9133,66.172,59.5,52.0,68.0,10.9653,9.6606,12.4754,0.1875,0.1029,0.2805
