ablation,setting,rule,sens_30d,sens_30d_lo,sens_30d_hi,sens_90d,sens_90d_lo,sens_90d_hi,rmtd_90d,rmtd_90d_lo,rmtd_90d_hi,median_delay_days,median_delay_days_lo,median_delay_days_hi,false_alarms_per_patient_year_stable,false_alarms_per_patient_year_stable_lo,false_alarms_per_patient_year_stable_hi,warmup_false_alarms_per_stable_patient,warmup_false_alarms_per_stable_patient_lo,warmup_false_alarms_per_stable_patient_hi
min_sd,0.5,R1,0.7462,0.6851,0.8063,0.9254,0.877,0.9668,22.5964,18.3988,26.6636,11.0,9.0,14.0,70.6297,66.2736,75.2573,2.9625,2.5453,3.4051
min_sd,0.5,R2,0.3513,0.2954,0.4093,0.7326,0.677,0.7952,50.7198,46.2615,54.6102,44.0,39.0,52.0,22.2504,19.7921,25.0672,0.65,0.4333,0.88
min_sd,0.5,R3,0.3692,0.3093,0.4337,0.7558,0.6927,0.8187,48.6658,44.1208,52.8249,41.5,36.0,49.0,22.5089,20.5492,24.8316,0.9125,0.6848,1.1628
min_sd,1.5,R1,0.7462,0.6851,0.8063,0.9254,0.877,0.9668,22.5964,18.3988,26.6636,11.0,9.0,14.0,70.6297,66.2736,75.2573,2.9625,2.5453,3.4051
min_sd,1.5,R2,0.3513,0.2954,0.4093,0.7326,0.677,0.7952,50.7198,46.2615,54.6102,44.0,39.0,52.0,22.2504,19.7921,25.0672,0.65,0.4333,0.88
min_sd,1.5,R3,0.3692,0.3093,0.4337,0.7558,0.6927,0.8187,48.6658,44.1208,52.8249,41.5,36.0,49.0,22.5089,20.5492,24.8316,0.9125,0.6848,1.1628
min_sd,3.0,R1,0.7462,0.6851,0.8063,0.9254,0.877,0.9668,22.5964,18.3988,26.6636,11.0,9.0,14.0,70.6297,66.2736,75.2573,2.9625,2.5453,3.4051
min_sd,3.0,R2,0.3513,0.2954,0.4093,0.7326,0.677,0.7952,50.7198,46.2615,54.6102,44.0,39.0,52.0,22.2374,19.7918,25.0668,0.65,0.4333,0.88
min_sd,3.0,R3,0.3692,0.3093,0.4337,0.7558,0.6927,0.8187,48.6658,44.1208,52.8249,41.5,36.0,49.0,22.496,20.5475,24.8224,0.9125,0.6848,1.1628
min_sd,6.0,R1,0.7436,0.6839,0.8037,0.9254,0.877,0.9668,22.8458,18.8227,26.8039,11.0,9.0,14.0,70.4358,66.0925,75.0279,2.95,2.5287,3.3913
min_sd,6.0,R2,0.3487,0.2929,0.4073,0.7326,0.677,0.7952,50.7789,46.3541,54.6516,44.0,39.0,52.0,22.1082,19.6502,24.9266,0.65,0.4333,0.88
min_sd,6.0,R3,0.3692,0.3093,0.4337,0.7558,0.6927,0.8187,48.6658,44.1208,52.8249,41.5,36.0,49.0,22.0306,20.0448,24.3098,0.825,0.6136,1.0626
min_sd,9.0,R1,0.7308,0.6675,0.7909,0.9152,0.8649,0.9548,24.018,19.9316,28.2287,11.0,9.0,14.0,68.9749,64.5427,73.6233,2.7875,2.3866,3.2064
min_sd,9.0,R2,0.3308,0.274,0.3878,0.7198,0.6634,0.7815,52.0231,47.6709,55.9869,47.0,40.9875,53.0,20.8411,18.5033,23.5487,0.5875,0.3924,0.8026
min_sd,9.0,R3,0.3256,0.2662,0.3836,0.7275,0.6625,0.7939,51.5861,46.9495,55.7665,45.0,40.0,54.0,19.4965,17.3921,21.881,0.575,0.3951,0.7702
