ablation,setting,level_rmse_stable,level_rmse_declining,level_minus_latent_before_onset,level_minus_latent_90d_after_onset,rule,sens_30d,sens_30d_lo,sens_30d_hi,sens_90d,sens_90d_lo,sens_90d_hi,rmtd_90d,rmtd_90d_lo,rmtd_90d_hi,median_delay_days,median_delay_days_lo,median_delay_days_hi,false_alarms_per_patient_year_stable,false_alarms_per_patient_year_stable_lo,false_alarms_per_patient_year_stable_hi,warmup_false_alarms_per_stable_patient,warmup_false_alarms_per_stable_patient_lo,warmup_false_alarms_per_stable_patient_hi
base_alpha,0.05,7.6343,8.925,2.0802,8.888,R0,0.0231,0.0063,0.0447,0.0746,0.0389,0.1142,86.383,83.9825,88.2124,123.0,102.9875,147.0,1.7583,0.7847,3.0907,0.0125,0.0,0.0417
base_alpha,0.05,7.6343,8.925,2.0802,8.888,R1,0.7462,0.6851,0.8063,0.9254,0.877,0.9668,22.5964,18.3988,26.6636,11.0,9.0,14.0,70.6297,66.2736,75.2573,2.9625,2.5453,3.4051
base_alpha,0.05,7.6343,8.925,2.0802,8.888,R2,0.3513,0.2954,0.4093,0.7326,0.677,0.7952,50.7198,46.2615,54.6102,44.0,39.0,52.0,22.2374,19.7918,25.0668,0.65,0.4333,0.88
base_alpha,0.05,7.6343,8.925,2.0802,8.888,R3,0.3692,0.3093,0.4337,0.7558,0.6927,0.8187,48.6658,44.1208,52.8249,41.5,36.0,49.0,22.496,20.5475,24.8224,0.9125,0.6848,1.1628
base_alpha,0.1,6.5449,7.1593,4.5601,9.616,R0,0.0462,0.0175,0.0827,0.1234,0.0703,0.1808,83.8355,80.3776,86.7836,105.0,91.0,136.0,3.2193,1.6031,5.1879,0.1625,0.0416,0.33
base_alpha,0.1,6.5449,7.1593,4.5601,9.616,R1,0.7462,0.6851,0.8063,0.9254,0.877,0.9668,22.5964,18.3988,26.6636,11.0,9.0,14.0,70.6297,66.2736,75.2573,2.9625,2.5453,3.4051
base_alpha,0.1,6.5449,7.1593,4.5601,9.616,R2,0.3513,0.2954,0.4093,0.7326,0.677,0.7952,50.7198,46.2615,54.6102,44.0,39.0,52.0,22.2374,19.7918,25.0668,0.65,0.4333,0.88
base_alpha,0.1,6.5449,7.1593,4.5601,9.616,R3,0.3692,0.3093,0.4337,0.7558,0.6927,0.8187,48.6658,44.1208,52.8249,41.5,36.0,49.0,22.496,20.5475,24.8224,0.9125,0.6848,1.1628
base_alpha,0.25,6.0871,6.199,6.3042,9.1102,R0,0.0692,0.0361,0.11,0.2005,0.1278,0.2789,80.3033,75.8854,84.2744,100.0,78.5,122.0,5.8179,3.5504,8.5058,0.55,0.3378,0.8354
base_alpha,0.25,6.0871,6.199,6.3042,9.1102,R1,0.7462,0.6851,0.8063,0.9254,0.877,0.9668,22.5964,18.3988,26.6636,11.0,9.0,14.0,70.6297,66.2736,75.2573,2.9625,2.5453,3.4051
base_alpha,0.25,6.0871,6.199,6.3042,9.1102,R2,0.3513,0.2954,0.4093,0.7326,0.677,0.7952,50.7198,46.2615,54.6102,44.0,39.0,52.0,22.2374,19.7918,25.0668,0.65,0.4333,0.88
base_alpha,0.25,6.0871,6.199,6.3042,9.1102,R3,0.3692,0.3093,0.4337,0.7558,0.6927,0.8187,48.6658,44.1208,52.8249,41.5,36.0,49.0,22.496,20.5475,24.8224,0.9125,0.6848,1.1628
base_alpha,0.4,6.4305,6.4602,6.6628,8.7031,R0,0.1026,0.0604,0.1497,0.2339,0.1553,0.3176,77.7866,72.7754,82.3969,95.5,71.5,115.0,7.977,5.0843,11.4302,0.7125,0.4533,1.0291
base_alpha,0.4,6.4305,6.4602,6.6628,8.7031,R1,0.7462,0.6851,0.8063,0.9254,0.877,0.9668,22.5964,18.3988,26.6636,11.0,9.0,14.0,70.6297,66.2736,75.2573,2.9625,2.5453,3.4051
base_alpha,0.4,6.4305,6.4602,6.6628,8.7031,R2,0.3513,0.2954,0.4093,0.7326,0.677,0.7952,50.7198,46.2615,54.6102,44.0,39.0,52.0,22.2374,19.7918,25.0668,0.65,0.4333,0.88
base_alpha,0.4,6.4305,6.4602,6.6628,8.7031,R3,0.3692,0.3093,0.4337,0.7558,0.6927,0.8187,48.6658,44.1208,52.8249,41.5,36.0,49.0,22.496,20.5475,24.8224,0.9125,0.6848,1.1628
base_alpha,0.6,7.1081,7.1282,6.8227,8.3994,R0,0.1308,0.0797,0.1904,0.2828,0.1988,0.3704,74.8997,69.1349,80.1066,84.0,65.9875,105.0,10.3947,6.8021,14.4555,0.825,0.5466,1.1628
base_alpha,0.6,7.1081,7.1282,6.8227,8.3994,R1,0.7462,0.6851,0.8063,0.9254,0.877,0.9668,22.5964,18.3988,26.6636,11.0,9.0,14.0,70.6297,66.2736,75.2573,2.9625,2.5453,3.4051
base_alpha,0.6,7.1081,7.1282,6.8227,8.3994,R2,0.3513,0.2954,0.4093,0.7326,0.677,0.7952,50.7198,46.2615,54.6102,44.0,39.0,52.0,22.2374,19.7918,25.0668,0.65,0.4333,0.88
base_alpha,0.6,7.1081,7.1282,6.8227,8.3994,R3,0.3692,0.3093,0.4337,0.7558,0.6927,0.8187,48.6658,44.1208,52.8249,41.5,36.0,49.0,22.496,20.5475,24.8224,0.9125,0.6848,1.1628
base_alpha,0.9,8.2929,8.3379,6.9191,8.1555,R0,0.1744,0.1131,0.2412,0.3676,0.2804,0.4572,70.4576,64.324,76.3244,73.5,57.0,90.0,14.3251,9.8729,19.2545,1.0125,0.6864,1.3721
base_alpha,0.9,8.2929,8.3379,6.9191,8.1555,R1,0.7462,0.6851,0.8063,0.9254,0.877,0.9668,22.5964,18.3988,26.6636,11.0,9.0,14.0,70.6297,66.2736,75.2573,2.9625,2.5453,3.4051
base_alpha,0.9,8.2929,8.3379,6.9191,8.1555,R2,0.3513,0.2954,0.4093,0.7326,0.677,0.7952,50.7198,46.2615,54.6102,44.0,39.0,52.0,22.2374,19.7918,25.0668,0.65,0.4333,0.88
base_alpha,0.9,8.2929,8.3379,6.9191,8.1555,R3,0.3692,0.3093,0.4337,0.7558,0.6927,0.8187,48.6658,44.1208,52.8249,41.5,36.0,49.0,22.496,20.5475,24.8224,0.9125,0.6848,1.1628
