ablation,gate,setting,rule,sens_30d,sens_30d_lo,sens_30d_hi,sens_90d,sens_90d_lo,sens_90d_hi,rmtd_90d,rmtd_90d_lo,rmtd_90d_hi,median_delay_days,median_delay_days_lo,median_delay_days_hi,false_alarms_per_patient_year_stable,false_alarms_per_patient_year_stable_lo,false_alarms_per_patient_year_stable_hi,warmup_false_alarms_per_stable_patient,warmup_false_alarms_per_stable_patient_lo,warmup_false_alarms_per_stable_patient_hi
prior_sd,0.35,4.0,R2,0.3513,0.2954,0.4093,0.7352,0.678,0.7983,50.7095,46.2503,54.5894,44.0,39.0,52.0,22.4831,20.0384,25.2687,0.8375,0.6315,1.0603
prior_sd,0.35,8.0,R2,0.3513,0.2954,0.4093,0.7352,0.678,0.7983,50.7095,46.2503,54.5894,44.0,39.0,52.0,22.3409,19.8961,25.1384,0.725,0.5189,0.9513
prior_sd,0.35,12.0,R2,0.3513,0.2954,0.4093,0.7326,0.677,0.7952,50.7198,46.2615,54.6102,44.0,39.0,52.0,22.2374,19.7918,25.0668,0.65,0.4333,0.88
prior_sd,0.35,16.0,R2,0.3513,0.2954,0.4093,0.7326,0.677,0.7952,50.7198,46.2615,54.6102,44.0,39.0,52.0,22.1987,19.7666,25.0533,0.6125,0.4026,0.8383
prior_sd,0.35,24.0,R2,0.3513,0.2954,0.4093,0.7326,0.677,0.7952,50.7198,46.2615,54.6102,44.0,39.0,52.0,22.1211,19.7198,24.9312,0.55,0.3658,0.7443
prior_sd,0.0,4.0,R2,0.3513,0.2954,0.4093,0.7352,0.678,0.7983,50.6504,46.15,54.5108,44.0,39.0,52.0,24.681,22.2361,27.4109,2.4,1.9996,2.8029
prior_sd,0.0,8.0,R2,0.3513,0.2954,0.4093,0.7352,0.678,0.7983,50.6504,46.15,54.5108,44.0,39.0,52.0,23.9182,21.465,26.6692,1.9375,1.5581,2.337
prior_sd,0.0,12.0,R2,0.3513,0.2954,0.4093,0.7326,0.677,0.7952,50.7198,46.2615,54.6102,44.0,39.0,52.0,23.2976,20.9076,26.1362,1.5125,1.1757,1.881
prior_sd,0.0,16.0,R2,0.3513,0.2954,0.4093,0.7326,0.677,0.7952,50.7198,46.2615,54.6102,44.0,39.0,52.0,22.7934,20.4034,25.6384,1.1375,0.8433,1.473
prior_sd,0.0,24.0,R2,0.3513,0.2954,0.4093,0.7326,0.677,0.7952,50.7198,46.2615,54.6102,44.0,39.0,52.0,22.3409,19.9326,25.1765,0.75,0.5263,0.9884
