method,round,auc,log_loss,cumulative_bytes,new_patient_auc,new_patient_log_loss
local only,0,0.5,0.6931,0,,
local only,1,0.7365,0.3051,0,,
local only,2,0.7475,0.2978,0,,
local only,4,0.757,0.294,0,,
local only,6,0.7616,0.2922,0,,
local only,8,0.7646,0.2911,0,,
local only,10,0.7667,0.2902,0,,
local only,12,0.7684,0.2896,0,,
local only,14,0.7697,0.2891,0,,
local only,16,0.7708,0.2887,0,,
local only,18,0.7717,0.2884,0,,
local only,20,0.7725,0.2881,0,,
local only,22,0.7731,0.2879,0,,
local only,24,0.7736,0.2877,0,,
local only,26,0.7741,0.2876,0,,
local only,28,0.7745,0.2875,0,,
local only,30,0.7748,0.2873,0,,
local only,32,0.7751,0.2873,0,,
local only,34,0.7754,0.2872,0,,
local only,36,0.7756,0.2871,0,,
local only,38,0.7758,0.2871,0,,
local only,40,0.776,0.287,0,,
local only,42,0.7762,0.287,0,,
local only,44,0.7763,0.2869,0,,
local only,46,0.7764,0.2869,0,,
local only,48,0.7765,0.2869,0,,
local only,50,0.7766,0.2868,0,,
local only,52,0.7766,0.2868,0,,
local only,54,0.7767,0.2868,0,,
local only,56,0.7768,0.2868,0,,
local only,58,0.7768,0.2868,0,,
local only,60,0.7769,0.2868,0,,
centralised,0,0.5,0.6931,1787725,0.5,0.6931
centralised,1,0.5123,0.34,1787725,0.4899,0.3293
centralised,2,0.5308,0.3371,1787725,0.504,0.3257
centralised,4,0.5677,0.334,1787725,0.5367,0.3226
centralised,6,0.6011,0.3317,1787725,0.5723,0.3205
centralised,8,0.6207,0.3301,1787725,0.5974,0.319
centralised,10,0.6291,0.3288,1787725,0.6078,0.3178
centralised,12,0.6352,0.3278,1787725,0.6147,0.3169
centralised,14,0.6426,0.3271,1787725,0.6228,0.3162
centralised,16,0.6511,0.3265,1787725,0.6327,0.3156
centralised,18,0.66,0.326,1787725,0.6432,0.3152
centralised,20,0.6685,0.3256,1787725,0.6529,0.3148
centralised,22,0.6759,0.3253,1787725,0.6616,0.3145
centralised,24,0.682,0.3251,1787725,0.6687,0.3143
centralised,26,0.6867,0.3249,1787725,0.6746,0.3141
centralised,28,0.6904,0.3247,1787725,0.6792,0.3139
centralised,30,0.6933,0.3246,1787725,0.683,0.3138
centralised,32,0.6955,0.3245,1787725,0.6859,0.3137
centralised,34,0.6972,0.3244,1787725,0.6882,0.3136
centralised,36,0.6985,0.3244,1787725,0.6899,0.3135
centralised,38,0.6995,0.3243,1787725,0.6914,0.3135
centralised,40,0.7002,0.3243,1787725,0.6925,0.3134
centralised,42,0.7009,0.3242,1787725,0.6934,0.3134
centralised,44,0.7013,0.3242,1787725,0.6941,0.3133
centralised,46,0.7017,0.3242,1787725,0.6947,0.3133
centralised,48,0.702,0.3242,1787725,0.6952,0.3133
centralised,50,0.7022,0.3242,1787725,0.6956,0.3133
centralised,52,0.7023,0.3242,1787725,0.6959,0.3133
centralised,54,0.7025,0.3242,1787725,0.6961,0.3133
centralised,56,0.7025,0.3242,1787725,0.6963,0.3133
centralised,58,0.7026,0.3242,1787725,0.6965,0.3132
centralised,60,0.7026,0.3242,1787725,0.6967,0.3132
FedAvg (all clients),0,0.5,0.6931,0,0.5,0.6931
FedAvg (all clients),1,0.509,0.3397,45792,0.4876,0.3287
FedAvg (all clients),2,0.5248,0.3383,92856,0.4998,0.3263
FedAvg (all clients),4,0.5569,0.3363,183168,0.5279,0.3241
FedAvg (all clients),6,0.5865,0.3343,273480,0.5578,0.3222
FedAvg (all clients),8,0.6078,0.3329,362520,0.5833,0.3209
FedAvg (all clients),10,0.619,0.3319,451560,0.5982,0.3199
FedAvg (all clients),12,0.6244,0.3311,541872,0.6051,0.3191
FedAvg (all clients),14,0.6283,0.3305,630912,0.6097,0.3185
FedAvg (all clients),16,0.6326,0.33,719952,0.6149,0.3181
FedAvg (all clients),18,0.6378,0.3297,808992,0.6211,0.3177
FedAvg (all clients),20,0.6436,0.3294,898032,0.6281,0.3174
FedAvg (all clients),22,0.6499,0.3291,987072,0.6357,0.3172
FedAvg (all clients),24,0.6562,0.329,1076112,0.6436,0.317
FedAvg (all clients),26,0.6621,0.3288,1165152,0.6509,0.3168
FedAvg (all clients),28,0.6675,0.3287,1254192,0.6575,0.3167
FedAvg (all clients),30,0.6721,0.3286,1343232,0.6633,0.3166
FedAvg (all clients),32,0.676,0.3286,1432272,0.6682,0.3165
FedAvg (all clients),34,0.6792,0.3285,1521312,0.6723,0.3164
FedAvg (all clients),36,0.6818,0.3285,1610352,0.6758,0.3164
FedAvg (all clients),38,0.684,0.3284,1699392,0.6785,0.3164
FedAvg (all clients),40,0.6857,0.3284,1788432,0.6807,0.3163
FedAvg (all clients),42,0.6871,0.3284,1877472,0.6825,0.3163
FedAvg (all clients),44,0.6882,0.3284,1966512,0.6839,0.3163
FedAvg (all clients),46,0.6891,0.3284,2055552,0.6851,0.3163
FedAvg (all clients),48,0.6898,0.3284,2144592,0.6859,0.3163
FedAvg (all clients),50,0.6903,0.3284,2233632,0.6866,0.3163
FedAvg (all clients),52,0.6908,0.3284,2322672,0.6872,0.3163
FedAvg (all clients),54,0.6912,0.3284,2411712,0.6876,0.3163
FedAvg (all clients),56,0.6914,0.3285,2499480,0.688,0.3163
FedAvg (all clients),58,0.6917,0.3285,2588520,0.6884,0.3163
FedAvg (all clients),60,0.6919,0.3285,2677560,0.6886,0.3163
FedAvg (25% per round),0,0.5,0.6931,0,0.5,0.6931
FedAvg (25% per round),1,0.5105,0.3403,11544,0.4886,0.3296
FedAvg (25% per round),2,0.5276,0.3376,26048,0.5019,0.3259
FedAvg (25% per round),4,0.5574,0.3372,44192,0.5286,0.3247
FedAvg (25% per round),6,0.589,0.3343,66072,0.5614,0.3222
FedAvg (25% per round),8,0.6108,0.3323,86232,0.5876,0.3204
FedAvg (25% per round),10,0.6226,0.3298,109528,0.604,0.3189
FedAvg (25% per round),12,0.6255,0.3303,131704,0.6068,0.3186
FedAvg (25% per round),14,0.6292,0.3294,152392,0.6113,0.3178
FedAvg (25% per round),16,0.6332,0.3302,175840,0.6152,0.3182
FedAvg (25% per round),18,0.6397,0.3295,196616,0.6229,0.3176
FedAvg (25% per round),20,0.6486,0.3281,217896,0.6345,0.3165
FedAvg (25% per round),22,0.6549,0.328,241016,0.6419,0.3164
FedAvg (25% per round),24,0.6598,0.3284,264816,0.6469,0.3166
FedAvg (25% per round),26,0.674,0.3265,285536,0.6657,0.3154
FedAvg (25% per round),28,0.6676,0.329,305336,0.657,0.3169
FedAvg (25% per round),30,0.6779,0.3278,328952,0.6695,0.316
FedAvg (25% per round),32,0.6738,0.3306,350880,0.6638,0.3181
FedAvg (25% per round),34,0.6817,0.3277,371176,0.6761,0.3159
FedAvg (25% per round),36,0.683,0.3289,396880,0.676,0.3167
FedAvg (25% per round),38,0.6868,0.3285,421928,0.6806,0.3164
FedAvg (25% per round),40,0.6906,0.3275,444976,0.6851,0.3157
FedAvg (25% per round),42,0.6903,0.3272,466760,0.6858,0.3155
FedAvg (25% per round),44,0.6887,0.3298,491576,0.6831,0.3174
FedAvg (25% per round),46,0.691,0.328,514816,0.6867,0.3159
FedAvg (25% per round),48,0.6924,0.3274,539848,0.6884,0.3156
FedAvg (25% per round),50,0.6906,0.3274,562048,0.6871,0.3156
FedAvg (25% per round),52,0.6889,0.3285,584512,0.6856,0.3163
FedAvg (25% per round),54,0.6916,0.3284,605064,0.6878,0.3162
FedAvg (25% per round),56,0.6925,0.326,630488,0.6896,0.3148
FedAvg (25% per round),58,0.6926,0.3306,652680,0.6885,0.3179
FedAvg (25% per round),60,0.6921,0.3284,676976,0.6889,0.3162
FedAvg + local tuning,60,0.7788,0.2867,2677560,,
