practice_modelled,rule,name,sens_30d,sens_30d_lo,sens_30d_hi,sens_90d,sens_90d_lo,sens_90d_hi,rmtd_90d,rmtd_90d_lo,rmtd_90d_hi,median_delay_days,median_delay_days_lo,median_delay_days_hi,false_alarms_per_patient_year_stable,false_alarms_per_patient_year_stable_lo,false_alarms_per_patient_year_stable_hi,auc_90d_horizon,auc_90d_lo,auc_90d_hi,scenario
no,R1,Single-session velocity,0.7384,0.6917,0.7875,0.9282,0.9018,0.9507,23.7708,20.911,26.7083,12.0,10.0,16.0,68.6465,62.4944,74.3274,0.5492,0.5246,0.575,decline begins while she is still learning (onset day 10 to 30)
no,R2,Two-consecutive velocity,0.2685,0.2206,0.3178,0.6111,0.5525,0.6713,58.2569,54.3442,61.7405,60.0,49.5,69.0,20.9474,18.0763,23.6825,0.5461,0.5183,0.5752,decline begins while she is still learning (onset day 10 to 30)
no,R3,CUSUM,0.2986,0.2574,0.3436,0.6435,0.5931,0.6929,55.125,51.6442,58.4171,52.0,42.0,59.0,20.915,18.6476,22.9822,0.5542,0.5285,0.5797,decline begins while she is still learning (onset day 10 to 30)
yes,R1,Single-session velocity,0.7801,0.7357,0.8228,0.9375,0.912,0.9595,21.0509,18.2713,23.8934,10.0,8.0,12.0,75.91,69.8616,81.2734,0.5608,0.5366,0.5856,decline begins while she is still learning (onset day 10 to 30)
yes,R2,Two-consecutive velocity,0.3935,0.3407,0.4517,0.7106,0.6533,0.7681,48.7708,44.5469,52.5907,39.0,32.0,46.0,25.7789,22.5439,28.6554,0.5612,0.5354,0.5887,decline begins while she is still learning (onset day 10 to 30)
yes,R3,CUSUM,0.4236,0.3738,0.4745,0.7569,0.7066,0.8081,45.1759,41.3309,48.7362,36.0,31.0,41.0,29.2485,26.663,31.3744,0.5768,0.5516,0.6035,decline begins while she is still learning (onset day 10 to 30)
no,R1,Single-session velocity,0.7462,0.6851,0.8063,0.9254,0.877,0.9668,22.5964,18.3988,26.6636,11.0,9.0,14.0,70.6297,66.2736,75.2573,0.6149,0.5904,0.6421,"main cohort (onset day 60 to 200, practice mostly settled)"
no,R2,Two-consecutive velocity,0.3513,0.2954,0.4093,0.7326,0.677,0.7952,50.7198,46.2615,54.6102,44.0,39.0,52.0,22.2374,19.7918,25.0668,0.6348,0.6096,0.6627,"main cohort (onset day 60 to 200, practice mostly settled)"
no,R3,CUSUM,0.3692,0.3093,0.4337,0.7558,0.6927,0.8187,48.6658,44.1208,52.8249,41.5,36.0,49.0,22.496,20.5475,24.8224,0.6501,0.6201,0.6826,"main cohort (onset day 60 to 200, practice mostly settled)"
yes,R1,Single-session velocity,0.8077,0.75,0.8675,0.9434,0.8952,0.9799,19.3008,15.4005,23.3553,9.0,8.0,11.0,75.7107,71.2241,80.2446,0.6131,0.5904,0.6371,"main cohort (onset day 60 to 200, practice mostly settled)"
yes,R2,Two-consecutive velocity,0.4103,0.3499,0.4712,0.7892,0.7313,0.8477,45.6221,41.3613,49.581,36.0,31.0,42.5125,26.1549,23.6742,28.9886,0.6347,0.6118,0.6602,"main cohort (onset day 60 to 200, practice mostly settled)"
yes,R3,CUSUM,0.4513,0.3825,0.5176,0.8406,0.7849,0.8929,41.6478,37.4423,46.0495,34.0,28.0,40.0,28.5079,26.4233,30.6067,0.6598,0.6298,0.6895,"main cohort (onset day 60 to 200, practice mostly settled)"
