scope,measure,n_subjects,icc_2_1,icc_2_1_lo,icc_2_1_hi,icc_3_1,icc_3_1_lo,icc_3_1_hi,spearman_brown_prediction_for_7_sessions
all domains,single,437,0.6652,0.5904,0.7249,0.665,0.5904,0.7263,
all domains,average,223,0.9455,0.9239,0.96,0.9467,0.9249,0.9617,0.9329
all domains,level,478,0.9686,0.9579,0.9754,0.9701,0.9604,0.9769,
LANGUAGE,single,62,0.774,0.6727,0.8446,0.7718,0.6727,0.8448,
LANGUAGE,average,19,0.9768,0.9529,0.9891,0.9778,0.9533,0.9895,0.9329
LANGUAGE,level,78,0.9806,0.9707,0.9874,0.9826,0.9733,0.9889,
VISUAL_SEMANTIC,single,78,0.657,0.54,0.7478,0.6541,0.5404,0.7479,
VISUAL_SEMANTIC,average,55,0.9488,0.9158,0.9684,0.9554,0.9306,0.9723,0.9329
VISUAL_SEMANTIC,level,80,0.9627,0.9435,0.9745,0.9625,0.9442,0.9745,
MOTOR,single,74,0.6439,0.4827,0.7538,0.6468,0.4846,0.7661,
MOTOR,average,42,0.9569,0.9217,0.9751,0.9585,0.9221,0.9783,0.9329
MOTOR,level,80,0.9564,0.9312,0.9718,0.9606,0.9364,0.9761,
AFFECTIVE,single,74,0.4256,0.2516,0.5897,0.4233,0.2524,0.5876,
AFFECTIVE,average,33,0.8922,0.7984,0.9376,0.8897,0.7959,0.9379,0.9329
AFFECTIVE,level,80,0.9667,0.9438,0.9797,0.9671,0.9465,0.9797,
TEMPORAL,single,75,0.7447,0.6307,0.8277,0.7484,0.6399,0.8332,
TEMPORAL,average,37,0.9475,0.8843,0.973,0.9466,0.8835,0.9762,0.9329
TEMPORAL,level,80,0.9703,0.9517,0.9809,0.9726,0.9552,0.9833,
EXECUTIVE,single,74,0.7277,0.5954,0.8259,0.725,0.5936,0.8261,
EXECUTIVE,average,37,0.9419,0.9007,0.9647,0.9405,0.9016,0.9645,0.9329
EXECUTIVE,level,80,0.9731,0.9599,0.9818,0.974,0.9604,0.9834,
