false_alarms_per_patient_year_budget,rule,name,threshold,sens_14d,sens_14d_lo,sens_14d_hi,sens_30d,sens_30d_lo,sens_30d_hi,sens_60d,sens_60d_lo,sens_60d_hi,sens_90d,sens_90d_lo,sens_90d_hi,rmtd_90d,rmtd_90d_lo,rmtd_90d_hi,median_delay_days,median_delay_days_lo,median_delay_days_hi,median_points_lost_at_detection,median_points_lost_at_detection_lo,median_points_lost_at_detection_hi,false_alarms_per_patient_year_stable,false_alarms_per_patient_year_stable_lo,false_alarms_per_patient_year_stable_hi,warmup_false_alarms_per_stable_patient,warmup_false_alarms_per_stable_patient_lo,warmup_false_alarms_per_stable_patient_hi,false_alarms_per_patient_year_all_negative_time,false_alarms_per_patient_year_all_negative_time_lo,false_alarms_per_patient_year_all_negative_time_hi
0.5,R0,Absolute level,-26.0,0.0103,0.0,0.0289,0.0103,0.0,0.0289,0.0154,0.0024,0.0358,0.0488,0.0197,0.0811,88.2776,86.576,89.5088,130.0,114.975,154.0,27.2654,19.7304,32.4413,0.4396,0.039,1.1412,0.0125,0.0,0.0429,0.2673,0.0459,0.6501
0.5,R1,Single-session velocity,,,,,,,,,,,,,,,,,,,,,,,,,,,,,,,
0.5,R2,Two-consecutive velocity,2.2462,0.0051,0.0,0.0132,0.0103,0.0,0.0242,0.0308,0.014,0.053,0.0566,0.0323,0.0846,88.0746,86.8889,89.0262,103.5,82.0,123.5,19.2818,11.8885,24.4107,0.4913,0.3345,0.6799,0.025,0.0,0.0658,0.4564,0.3454,0.583
0.5,R3,CUSUM,6.9432,0.0,0.0,0.0,0.0154,0.0024,0.0324,0.1026,0.0575,0.1527,0.2365,0.1624,0.3174,83.347,80.6648,85.7482,94.0,81.0,105.5125,16.757,13.2225,17.6495,0.3749,0.2203,0.5575,0.025,0.0,0.0633,0.3521,0.238,0.4836
1.0,R0,Absolute level,-30.0,0.0128,0.0,0.0324,0.0154,0.0024,0.0356,0.0436,0.017,0.0741,0.0746,0.0385,0.1158,87.1748,84.9862,88.8723,117.0,107.5,145.0,26.1628,17.1402,29.2732,0.9438,0.327,1.7727,0.0875,0.0,0.2162,0.6194,0.2873,1.0615
1.0,R1,Single-session velocity,3.9026,0.0051,0.0,0.0127,0.0205,0.0083,0.0353,0.0487,0.0298,0.0697,0.0771,0.0514,0.1032,86.7378,85.5148,87.8729,97.0,80.0,128.5,10.7328,8.5742,15.491,0.9567,0.7096,1.2137,0.15,0.0745,0.25,1.0692,0.8482,1.339
1.0,R2,Two-consecutive velocity,2.0513,0.0128,0.0028,0.0251,0.0205,0.0076,0.0358,0.0513,0.0296,0.0763,0.0925,0.0609,0.1272,86.5656,85.0318,87.9074,104.0,91.0,115.0,14.3216,9.8068,18.6938,0.8662,0.6295,1.1331,0.0375,0.0,0.0824,0.8019,0.6415,0.9798
1.0,R3,CUSUM,6.3295,0.0,0.0,0.0,0.0205,0.0039,0.0415,0.1205,0.0724,0.1728,0.2648,0.1922,0.3473,82.2545,79.313,84.8252,90.0,79.0,102.0,15.5798,12.6169,17.1394,0.6852,0.4551,0.9303,0.05,0.0118,0.1039,0.6324,0.4806,0.8261
2.0,R0,Absolute level,-32.0,0.0205,0.0024,0.0479,0.0256,0.003,0.0556,0.059,0.0275,0.0962,0.0925,0.0494,0.1405,86.2237,83.4972,88.4147,110.0,98.0,138.5375,24.2589,16.7765,27.8868,1.3317,0.5695,2.3454,0.1125,0.0141,0.2693,0.9845,0.5298,1.5254
2.0,R1,Single-session velocity,3.5128,0.0077,0.0,0.0172,0.0333,0.0179,0.0506,0.0821,0.0545,0.1133,0.1517,0.1095,0.1929,84.3111,82.4614,85.9973,84.0,74.0,109.025,10.4943,8.4138,12.8735,1.8876,1.5026,2.3278,0.275,0.1772,0.3857,1.9885,1.6989,2.3544
2.0,R2,Two-consecutive velocity,1.8564,0.0154,0.005,0.0281,0.041,0.0196,0.0668,0.0872,0.0551,0.1261,0.1568,0.1111,0.2047,83.9332,81.8428,85.7693,103.0,89.95,113.0,12.1481,9.6955,17.109,1.629,1.3215,1.9727,0.0375,0.0,0.0824,1.4539,1.2447,1.7052
2.0,R3,CUSUM,5.4091,0.0051,0.0,0.0129,0.0359,0.015,0.0585,0.1564,0.1042,0.2149,0.3136,0.2367,0.3995,79.892,76.6046,82.9353,92.0,80.9625,105.0125,12.607,10.9937,14.3845,1.6937,1.3303,2.1094,0.125,0.0602,0.2064,1.48,1.2449,1.7792
4.0,R0,Absolute level,-36.0,0.0359,0.0099,0.0692,0.0385,0.0123,0.0725,0.0821,0.0427,0.1247,0.1362,0.0765,0.1984,84.0694,80.8597,86.8843,101.5,86.5,128.0,19.8696,12.0786,25.2781,3.2193,1.7112,5.1247,0.2625,0.1163,0.4625,2.3993,1.4936,3.4396
4.0,R1,Single-session velocity,3.0256,0.0231,0.0099,0.0372,0.0923,0.0642,0.1235,0.1667,0.1278,0.2092,0.2648,0.2145,0.3171,78.8817,76.4663,81.2198,86.5,74.0,98.0,8.9254,7.3537,11.0412,3.9562,3.299,4.7727,0.3875,0.2714,0.5169,4.0162,3.5581,4.5923
4.0,R2,Two-consecutive velocity,1.5641,0.0205,0.007,0.0375,0.0744,0.045,0.1074,0.2026,0.1527,0.2555,0.3316,0.2656,0.3967,77.1902,74.3045,79.9486,83.0,76.0,100.0,10.6961,9.2688,13.1606,3.4908,3.0124,4.0078,0.0875,0.033,0.153,3.3055,2.9454,3.6913
4.0,R3,CUSUM,4.4886,0.0205,0.0078,0.0364,0.0744,0.0431,0.1049,0.2308,0.1675,0.2992,0.383,0.3099,0.4645,75.8046,72.1156,79.1029,86.0,76.0,100.0,10.7895,9.1829,12.4213,3.1934,2.692,3.7125,0.225,0.1309,0.3291,2.9861,2.6457,3.3936
8.0,R0,Absolute level,-42.0,0.0821,0.0479,0.1225,0.1,0.0593,0.1469,0.1513,0.0897,0.2158,0.2314,0.1534,0.3154,78.1491,73.4087,82.6691,95.0,73.0,115.0,14.676,10.3323,17.5302,7.7314,4.8937,11.0999,0.6875,0.4303,1.0115,6.2199,4.4843,8.0662
8.0,R1,Single-session velocity,2.6359,0.0538,0.0332,0.0775,0.1615,0.1224,0.2029,0.3103,0.2618,0.3597,0.4422,0.3806,0.5014,70.0051,66.9043,72.9419,71.0,63.0,79.0,7.3074,6.4608,8.9626,7.809,6.8138,8.9305,0.6,0.45,0.7677,7.5434,6.824,8.3861
8.0,R2,Two-consecutive velocity,1.2718,0.0462,0.0237,0.0728,0.159,0.1136,0.2054,0.3538,0.2913,0.4207,0.5193,0.4504,0.5968,67.3548,63.3435,71.0927,69.0,60.975,80.0,7.8978,7.0178,8.7265,7.7314,6.8335,8.8238,0.225,0.1299,0.3421,7.1718,6.5411,7.907
8.0,R3,CUSUM,3.5682,0.0436,0.0239,0.0644,0.1282,0.0909,0.1699,0.3282,0.26,0.4053,0.4833,0.4097,0.5593,69.3856,65.135,72.9596,75.0,65.0,92.0,8.4058,7.5192,9.1829,6.8134,5.9811,7.7138,0.325,0.2089,0.4659,6.1742,5.5668,6.8991
