rule,name,trajectory,patients,sens_14d,sens_14d_lo,sens_14d_hi,sens_30d,sens_30d_lo,sens_30d_hi,sens_90d,sens_90d_lo,sens_90d_hi,median_delay_days,median_delay_days_lo,median_delay_days_hi,median_points_lost_at_detection,median_points_lost_at_detection_lo,median_points_lost_at_detection_hi
R0,Absolute level,slow_decline,40,0.0667,0.025,0.1292,0.075,0.0292,0.1417,0.1297,0.0633,0.2218,75.5,42.0,167.0,4.7377,2.3265,8.3825
R0,Absolute level,fast_decline,20,0.05,0.0167,0.0917,0.0583,0.0167,0.1,0.35,0.1917,0.5,97.0,79.5,117.5125,25.2639,20.6395,30.7578
R0,Absolute level,single_domain,30,0.0667,0.0,0.1667,0.0667,0.0,0.1667,0.1667,0.0333,0.3,140.0,87.0,153.0,18.7416,13.905,27.6591
R1,Single-session velocity,slow_decline,40,0.5458,0.4458,0.6333,0.7,0.6042,0.7792,0.887,0.8033,0.95,12.0,9.0,16.0125,0.73,0.5066,0.9585
R1,Single-session velocity,fast_decline,20,0.6333,0.5331,0.725,0.85,0.7667,0.925,0.9917,0.975,1.0,9.0,7.0,13.5,2.4937,1.7179,3.4351
R1,Single-session velocity,single_domain,30,0.5,0.3333,0.6667,0.7,0.5333,0.8667,0.9667,0.9,1.0,13.5,3.0,26.5,1.8401,0.5688,4.2864
R2,Two-consecutive velocity,slow_decline,40,0.1375,0.0917,0.1875,0.2625,0.2,0.3292,0.6067,0.5274,0.682,57.0,49.0,73.0,3.4709,2.9548,4.3165
R2,Two-consecutive velocity,fast_decline,20,0.25,0.1833,0.325,0.5333,0.4417,0.6167,0.9583,0.925,0.9917,28.0,25.5,34.0,8.0133,5.9017,9.1179
R2,Two-consecutive velocity,single_domain,30,0.1,0.0,0.2333,0.3333,0.1667,0.5,0.8333,0.7,0.9333,56.0,30.5,72.0,7.1819,4.7288,9.6025
R3,CUSUM,slow_decline,40,0.1458,0.1,0.1958,0.2792,0.2083,0.3543,0.6402,0.5504,0.7208,55.0,46.975,67.025,3.465,3.0143,4.3759
R3,CUSUM,fast_decline,20,0.2167,0.15,0.2917,0.5417,0.45,0.6417,0.9583,0.925,0.9917,26.5,23.0,34.0125,7.6972,6.066,9.3075
R3,CUSUM,single_domain,30,0.1667,0.0667,0.3,0.4,0.2333,0.5667,0.8667,0.7333,0.9667,39.5,27.5,63.0,6.6214,4.4763,8.3427
