level,gating,rule,name,threshold,sens_14d,sens_14d_lo,sens_14d_hi,sens_30d,sens_30d_lo,sens_30d_hi,sens_60d,sens_60d_lo,sens_60d_hi,sens_90d,sens_90d_lo,sens_90d_hi,rmtd_90d,rmtd_90d_lo,rmtd_90d_hi,median_delay_days,median_delay_days_lo,median_delay_days_hi,median_points_lost_at_detection,median_points_lost_at_detection_lo,median_points_lost_at_detection_hi,false_alarms_per_patient_year_stable,false_alarms_per_patient_year_stable_lo,false_alarms_per_patient_year_stable_hi,warmup_false_alarms_per_stable_patient,warmup_false_alarms_per_stable_patient_lo,warmup_false_alarms_per_stable_patient_hi,false_alarms_per_patient_year_all_negative_time,false_alarms_per_patient_year_all_negative_time_lo,false_alarms_per_patient_year_all_negative_time_hi
watch_or_worse,on,R0,Absolute level,-40.0,0.0615,0.0298,0.1015,0.0692,0.0361,0.11,0.1308,0.0753,0.1901,0.2005,0.1278,0.2789,80.3033,75.8854,84.2744,100.0,78.5,122.0,16.4818,10.9771,21.2024,5.8179,3.5504,8.5058,0.55,0.3378,0.8354,4.7138,3.2592,6.2637
watch_or_worse,on,R1,Single-session velocity,0.8,0.5692,0.5036,0.6374,0.7462,0.6851,0.8063,0.8769,0.8226,0.9249,0.9254,0.877,0.9668,22.5964,18.3988,26.6636,11.0,9.0,14.0,1.1253,0.8211,1.5795,70.6297,66.2736,75.2573,2.9625,2.5453,3.4051,68.5883,65.5085,71.7506
watch_or_worse,on,R2,Two-consecutive velocity,0.8,0.1692,0.1316,0.2074,0.3513,0.2954,0.4093,0.5897,0.5307,0.6594,0.7326,0.677,0.7952,50.7198,46.2615,54.6102,44.0,39.0,52.0,4.8025,4.1477,5.554,22.2374,19.7918,25.0668,0.65,0.4333,0.88,20.8764,19.3918,22.5692
watch_or_worse,on,R3,CUSUM,2.0,0.1692,0.133,0.209,0.3692,0.3093,0.4337,0.6128,0.5497,0.6795,0.7558,0.6927,0.8187,48.6658,44.1208,52.8249,41.5,36.0,49.0,4.6053,3.7627,5.3013,22.496,20.5475,24.8224,0.9125,0.6848,1.1628,20.8112,19.4245,22.4266
watch_or_worse,off,R0,Absolute level,-40.0,0.0641,0.0307,0.1063,0.0718,0.0364,0.1157,0.1308,0.0753,0.1901,0.2005,0.1278,0.2789,80.2159,75.7495,84.1883,99.5,80.0,120.0,16.1777,10.9553,20.8632,5.9084,3.5763,8.651,0.625,0.3684,0.9734,4.8377,3.3614,6.402
watch_or_worse,off,R1,Single-session velocity,0.8,0.5692,0.5036,0.6374,0.7462,0.6851,0.8063,0.8769,0.8226,0.9249,0.9254,0.877,0.9668,22.5604,18.3909,26.595,11.0,9.0,14.0,1.1253,0.8211,1.5795,73.0474,68.5734,77.5902,4.8,4.3376,5.296,71.4896,68.4269,74.5388
watch_or_worse,off,R2,Two-consecutive velocity,0.8,0.1692,0.1316,0.2074,0.3513,0.2954,0.4093,0.5897,0.5307,0.6594,0.7326,0.677,0.7952,50.7198,46.2615,54.6102,44.0,39.0,52.0,4.8028,4.1951,5.5913,23.2976,20.9076,26.1362,1.5125,1.1757,1.881,22.1152,20.587,23.8267
watch_or_worse,off,R3,CUSUM,2.0,0.1769,0.1387,0.2186,0.3769,0.3156,0.4397,0.6205,0.5592,0.6866,0.7661,0.7035,0.8258,48.0051,43.7503,52.2204,41.0,35.0,48.0,4.5338,3.7377,5.3013,23.4527,21.5016,25.7568,1.625,1.2911,1.9849,22.0304,20.6643,23.6208
decline_only,on,R0,Absolute level,-30.0,0.0128,0.0,0.0324,0.0154,0.0024,0.0356,0.0436,0.017,0.0741,0.0746,0.0385,0.1158,87.1748,84.9862,88.8723,117.0,107.5,145.0,26.1628,17.1402,29.2732,0.9438,0.327,1.7727,0.0875,0.0,0.2162,0.6194,0.2873,1.0615
decline_only,on,R1,Single-session velocity,1.5,0.3179,0.2687,0.37,0.5436,0.4823,0.6073,0.759,0.7,0.8178,0.8509,0.797,0.9038,36.8123,32.4062,41.0028,25.0,20.0,30.0,2.865,2.1505,3.3261,40.6609,37.2321,44.8064,1.65,1.35,1.9734,38.9036,36.5598,41.5164
decline_only,on,R2,Two-consecutive velocity,1.5,0.0231,0.0077,0.0403,0.0795,0.0481,0.1136,0.2282,0.1751,0.2837,0.3522,0.2828,0.422,75.946,72.8109,78.8193,83.0,74.0,100.0,9.8068,8.6962,12.031,4.1113,3.5655,4.7242,0.1375,0.0633,0.2192,3.964,3.554,4.4194
decline_only,on,R3,CUSUM,4.0,0.0256,0.0106,0.0428,0.0923,0.0604,0.1275,0.2821,0.2193,0.3525,0.437,0.3638,0.5144,72.8535,68.9497,76.3258,82.0,70.0,95.5,9.1829,8.3841,10.5084,4.8741,4.2454,5.5737,0.275,0.1807,0.3864,4.3487,3.8923,4.8935
decline_only,off,R0,Absolute level,-30.0,0.0128,0.0,0.0324,0.0154,0.0024,0.0356,0.0436,0.017,0.0741,0.0746,0.0385,0.1158,87.1748,84.9862,88.8723,117.0,107.5,145.0,26.1628,17.1402,29.2732,0.9438,0.327,1.7727,0.0875,0.0,0.2162,0.6194,0.2873,1.0615
decline_only,off,R1,Single-session velocity,1.5,0.3179,0.2687,0.37,0.5436,0.4823,0.6073,0.759,0.7,0.8178,0.8509,0.797,0.9038,36.8123,32.4062,41.0028,25.0,20.0,30.0,2.8658,2.1903,3.3358,41.8374,38.2412,45.9726,2.675,2.2872,3.0659,40.4814,38.0434,43.0747
decline_only,off,R2,Two-consecutive velocity,1.5,0.0231,0.0077,0.0403,0.0795,0.0481,0.1136,0.2282,0.1751,0.2837,0.3522,0.2828,0.422,75.946,72.8109,78.8193,83.0,74.0,100.0,9.8068,8.6962,12.031,4.3828,3.8079,5.0248,0.3875,0.2429,0.5682,4.3226,3.8923,4.8113
decline_only,off,R3,CUSUM,4.0,0.0256,0.0106,0.0428,0.0923,0.0604,0.1275,0.2821,0.2193,0.3525,0.437,0.3638,0.5144,72.8535,68.9497,76.3258,82.0,70.0,95.5,9.1678,8.3635,10.5029,5.1456,4.4862,5.8769,0.4625,0.3,0.6717,4.7073,4.2171,5.2742
