rule,threshold,sens_14d,sens_30d,sens_60d,sens_90d,rmtd_90d,median_delay_days,median_points_lost_at_detection,false_alarms_per_patient_year_stable,warmup_false_alarms_per_stable_patient,false_alarms_per_patient_year_all_negative_time
R0,-72.0,0.641,0.6846,0.7615,0.8072,26.3573,3.0,0.3328,49.1809,4.2625,46.5253
R0,-70.0,0.5821,0.6436,0.7282,0.7712,30.1388,4.0,0.4614,46.7116,4.1625,44.0804
R0,-68.0,0.5256,0.5821,0.6897,0.7352,34.2288,6.0,0.6066,43.5957,4.0,41.1204
R0,-66.0,0.4897,0.5564,0.6667,0.7121,36.874,7.0,0.7488,40.7773,3.85,38.4212
R0,-64.0,0.4667,0.5205,0.6282,0.6889,39.3625,8.0,0.8325,37.4675,3.7375,35.2656
R0,-62.0,0.4154,0.4744,0.5795,0.6555,43.473,11.0,1.3894,33.925,3.5625,31.8297
R0,-60.0,0.3821,0.4308,0.5308,0.6067,47.3136,18.5,1.8993,31.0678,3.2375,28.6741
R0,-58.0,0.3385,0.3872,0.4795,0.5733,51.4499,22.0,2.7078,28.0683,2.85,25.8901
R0,-56.0,0.2872,0.3487,0.4436,0.5347,55.1774,36.5,3.7322,24.668,2.475,23.0475
R0,-54.0,0.241,0.3128,0.4103,0.4859,58.8535,41.0,5.3209,21.7462,2.175,20.0419
R0,-52.0,0.2103,0.2821,0.3487,0.4319,62.6298,54.0,7.3512,19.5871,1.875,17.3818
R0,-50.0,0.1692,0.2282,0.3051,0.3856,66.5373,61.0,8.426,16.5617,1.5375,14.4218
R0,-48.0,0.1333,0.1744,0.2564,0.3316,70.4267,69.0,9.2689,13.976,1.2625,11.8921
R0,-46.0,0.1179,0.1487,0.2256,0.2905,73.0668,86.0,10.5757,11.6229,1.0375,9.4863
R0,-44.0,0.0974,0.1179,0.1872,0.2596,75.7841,87.0,11.2964,9.4251,0.9,7.6738
R0,-42.0,0.0821,0.1,0.1513,0.2314,78.1491,95.0,14.676,7.7314,0.6875,6.2199
R0,-40.0,0.0615,0.0692,0.1308,0.2005,80.3033,100.0,16.4818,5.8179,0.55,4.7138
R0,-38.0,0.0436,0.0513,0.1103,0.1697,82.2776,97.0,17.4329,4.4733,0.35,3.5077
R0,-36.0,0.0359,0.0385,0.0821,0.1362,84.0694,101.5,19.8696,3.2193,0.2625,2.3993
R0,-34.0,0.0256,0.0308,0.0692,0.108,85.2648,104.0,22.9763,2.1203,0.2,1.5974
R0,-32.0,0.0205,0.0256,0.059,0.0925,86.2237,110.0,24.2589,1.3317,0.1125,0.9845
R0,-30.0,0.0128,0.0154,0.0436,0.0746,87.1748,117.0,26.1628,0.9438,0.0875,0.6194
R0,-28.0,0.0103,0.0154,0.0308,0.0566,87.6967,126.5,27.2736,0.7499,0.025,0.4499
R0,-26.0,0.0103,0.0103,0.0154,0.0488,88.2776,130.0,27.2654,0.4396,0.0125,0.2673
R0,-24.0,0.0077,0.0077,0.0154,0.036,88.6992,131.0,28.7757,0.3103,0.0125,0.1891
R0,-22.0,0.0077,0.0077,0.0128,0.0206,89.0103,140.0,31.1564,0.2198,0.0,0.1304
R0,-20.0,0.0026,0.0026,0.0051,0.0154,89.4884,140.5,33.2762,0.1422,0.0,0.0913
R0,-18.0,0.0026,0.0026,0.0051,0.0129,89.563,137.0,32.1835,0.0646,0.0,0.0456
R0,-16.0,0.0,0.0,0.0026,0.0103,89.8483,135.0,29.8102,0.0,0.0,0.0
R0,-14.0,0.0,0.0,0.0,0.0051,89.9383,158.0,33.1082,0.0,0.0,0.0
R0,-12.0,0.0,0.0,0.0,0.0026,89.982,175.0,32.8148,0.0,0.0,0.0
R0,-10.0,0.0,0.0,0.0,0.0,90.0,179.0,33.9647,0.0,0.0,0.0
R0,-8.0,0.0,0.0,0.0,0.0,90.0,182.0,35.0,0.0,0.0,0.0
R1,0.2,0.7128,0.8487,0.941,0.9589,14.4344,5.0,0.6214,80.2229,3.675,78.9939
R1,0.2974,0.6897,0.8333,0.9359,0.9563,15.6967,6.0,0.6823,80.2875,3.6625,78.883
R1,0.3949,0.6718,0.8231,0.9282,0.9563,16.7326,7.0,0.7677,79.7574,3.5375,78.1007
R1,0.4923,0.659,0.8128,0.9103,0.946,18.1285,8.0,0.8325,78.4387,3.4625,76.3925
R1,0.5897,0.6282,0.7974,0.9,0.9383,19.3548,8.0,0.8831,76.8226,3.35,74.593
R1,0.6872,0.6026,0.7769,0.8923,0.9306,20.8689,10.0,0.9383,74.4179,3.1375,72.1155
R1,0.7846,0.5744,0.7513,0.8769,0.9254,22.4704,10.5,1.0881,71.3925,2.9875,69.2272
R1,0.8821,0.5513,0.7282,0.8641,0.9203,23.8201,11.0,1.2599,67.7208,2.8125,65.5761
R1,0.9795,0.5051,0.6974,0.8513,0.91,26.0977,14.0,1.5193,64.1137,2.5875,61.8012
R1,1.0769,0.4641,0.6667,0.8308,0.8972,28.3162,15.0,1.6835,59.9118,2.45,57.8437
R1,1.1744,0.4385,0.6436,0.8179,0.8869,29.8586,17.0,1.7676,55.878,2.25,53.7036
R1,1.2718,0.3949,0.6128,0.8,0.8817,31.9666,20.0,2.1119,51.172,2.0125,49.3288
R1,1.3692,0.3564,0.5769,0.7769,0.856,34.5527,22.0,2.4649,46.3496,1.875,44.5628
R1,1.4667,0.3333,0.5615,0.7641,0.8535,36.0077,23.0,2.7547,42.1606,1.7,40.3967
R1,1.5641,0.2872,0.5179,0.7487,0.8458,38.4499,28.0,3.053,37.7778,1.55,36.1523
R1,1.6615,0.241,0.4718,0.6949,0.8072,42.3033,31.0,3.4786,33.6277,1.375,32.1817
R1,1.759,0.2051,0.4308,0.6564,0.7866,45.1594,34.0,3.6887,29.5293,1.2125,28.2959
R1,1.8564,0.1821,0.3974,0.6256,0.7686,47.7095,40.0,3.9753,25.8963,1.125,25.0295
R1,1.9538,0.1718,0.3744,0.5923,0.7224,50.2416,43.0,4.3131,22.5348,1.0375,21.7957
R1,2.0513,0.1538,0.341,0.5641,0.6992,52.5733,50.0,4.6877,19.6517,0.9625,18.8618
R1,2.1487,0.1308,0.2949,0.5077,0.6478,56.3445,54.0,5.3008,16.9625,0.875,16.3321
R1,2.2462,0.1154,0.2795,0.4744,0.6118,58.5733,55.0,5.4186,14.4026,0.85,13.8676
R1,2.3436,0.1077,0.2462,0.4308,0.5553,61.7995,59.5,6.396,12.3987,0.775,11.8269
R1,2.441,0.0795,0.2128,0.3846,0.5167,64.9974,62.0,6.6494,10.7826,0.725,10.2817
R1,2.5385,0.0641,0.1872,0.3538,0.4859,67.3316,66.0,6.8852,9.257,0.675,8.7952
R1,2.6359,0.0538,0.1615,0.3103,0.4422,70.0051,71.0,7.3074,7.809,0.6,7.5434
R1,2.7333,0.0385,0.141,0.2615,0.3985,72.7301,74.0,7.8601,6.8781,0.5125,6.572
R1,2.8308,0.0333,0.1205,0.2231,0.3445,75.0617,78.0,8.0969,5.7533,0.4625,5.6201
R1,2.9282,0.0231,0.1051,0.1897,0.2956,77.3393,81.0,8.4138,4.7319,0.4625,4.8181
R1,3.0256,0.0231,0.0923,0.1667,0.2648,78.8817,86.5,8.9254,3.9562,0.3875,4.0162
R1,3.1231,0.0179,0.0744,0.1385,0.2288,80.5784,88.0,9.778,3.3615,0.3375,3.462
R1,3.2205,0.0179,0.059,0.1179,0.2082,81.8432,85.0,9.8109,2.896,0.3375,3.0187
R1,3.3179,0.0103,0.0436,0.1026,0.1928,82.8406,84.0,9.8109,2.4047,0.3,2.5818
R1,3.4154,0.0103,0.0385,0.0897,0.162,83.8252,86.5,10.0258,2.1332,0.2875,2.2884
R1,3.5128,0.0077,0.0333,0.0821,0.1517,84.3111,84.0,10.4943,1.8876,0.275,1.9885
R1,3.6103,0.0077,0.0308,0.0769,0.1362,84.7866,84.0,10.4943,1.5773,0.2125,1.7017
R1,3.7077,0.0077,0.0282,0.0615,0.1054,85.6992,95.0,10.0188,1.3317,0.175,1.4344
R1,3.8051,0.0077,0.0256,0.0564,0.0925,86.1054,97.0,10.5548,1.0731,0.15,1.2388
R1,3.9026,0.0051,0.0205,0.0487,0.0771,86.7378,97.0,10.7328,0.9567,0.15,1.0692
R1,4.0,0.0026,0.0128,0.0385,0.0643,87.4653,107.0,10.8661,0.8921,0.15,0.9975
R2,0.2,0.4231,0.6538,0.8256,0.8997,29.0129,18.5,1.7538,52.8269,1.775,50.9131
R2,0.2974,0.3974,0.6205,0.7897,0.8817,31.7326,20.0,1.9943,48.082,1.55,45.8407
R2,0.3949,0.3513,0.5769,0.759,0.8715,34.9177,23.5,2.6225,42.6778,1.3375,40.6314
R2,0.4923,0.3077,0.5333,0.7231,0.8458,38.1105,27.0,2.9712,37.5192,1.175,35.3829
R2,0.5897,0.2641,0.4795,0.6897,0.8175,41.5193,30.0,3.4422,32.0891,1.0,30.4018
R2,0.6872,0.2103,0.4077,0.6436,0.7763,46.1388,36.5,4.0658,27.4089,0.8875,25.838
R2,0.7846,0.1795,0.3615,0.5949,0.7404,49.9666,42.0,4.6833,22.9356,0.7,21.5479
R2,0.8821,0.1333,0.3103,0.541,0.7018,54.3033,51.0,5.3751,18.8113,0.5125,17.4861
R2,0.9795,0.1077,0.2641,0.5051,0.6658,57.0874,53.0,6.0776,15.3852,0.4375,14.3175
R2,1.0769,0.0769,0.2154,0.4333,0.6015,61.9743,63.0,6.6416,12.2565,0.3875,11.364
R2,1.1744,0.0564,0.1872,0.3974,0.5707,64.3393,65.0,7.2007,9.7483,0.275,9.0364
R2,1.2718,0.0462,0.159,0.3538,0.5193,67.3548,69.0,7.8978,7.7314,0.225,7.1718
R2,1.3692,0.0359,0.1205,0.2846,0.4396,71.7018,79.0,8.6674,5.9602,0.1625,5.5483
R2,1.4667,0.0256,0.0821,0.2359,0.3728,75.2314,83.0,9.5494,4.5638,0.15,4.3487
R2,1.5641,0.0205,0.0744,0.2026,0.3316,77.1902,83.0,10.6961,3.4908,0.0875,3.3055
R2,1.6615,0.0205,0.0667,0.1513,0.2571,80.018,92.5,11.8402,2.728,0.0625,2.5166
R2,1.759,0.0179,0.0538,0.1154,0.2031,82.162,101.5,12.3062,2.0945,0.05,1.8842
R2,1.8564,0.0154,0.041,0.0872,0.1568,83.9332,103.0,12.1481,1.629,0.0375,1.4539
R2,1.9538,0.0128,0.0256,0.0615,0.1131,85.8843,106.0,14.3216,1.3058,0.0375,1.1214
R2,2.0513,0.0128,0.0205,0.0513,0.0925,86.5656,104.0,14.3216,0.8662,0.0375,0.8019
R2,2.1487,0.0077,0.0128,0.0333,0.0668,87.7044,104.0,17.3936,0.6852,0.0375,0.6585
R2,2.2462,0.0051,0.0103,0.0308,0.0566,88.0746,103.5,19.2818,0.4913,0.025,0.4564
R2,2.3436,0.0026,0.0077,0.0282,0.0463,88.383,102.0,18.0989,0.3491,0.025,0.3521
R2,2.441,0.0,0.0026,0.0205,0.0386,88.874,102.0,19.5764,0.2586,0.025,0.2412
R2,2.5385,0.0,0.0026,0.0179,0.0334,89.036,102.0,18.6938,0.2069,0.025,0.1695
R2,2.6359,0.0,0.0,0.0103,0.0206,89.4344,102.0,21.4218,0.181,0.025,0.1369
R2,2.7333,0.0,0.0,0.0051,0.0129,89.6967,92.5,25.5074,0.1551,0.025,0.1174
R2,2.8308,0.0,0.0,0.0026,0.0077,89.8252,104.5,25.5074,0.1293,0.025,0.0848
R2,2.9282,0.0,0.0,0.0026,0.0077,89.8252,84.0,25.8045,0.0646,0.0125,0.0522
R2,3.0256,0.0,0.0,0.0026,0.0051,89.874,84.0,25.8045,0.0388,0.0125,0.0391
R2,3.1231,0.0,0.0,0.0,0.0026,89.9846,97.0,26.5914,0.0259,0.0125,0.0261
R2,3.2205,0.0,0.0,0.0,0.0,90.0,110.0,25.8045,0.0129,0.0125,0.0196
R2,3.3179,0.0,0.0,0.0,0.0,90.0,110.0,25.8045,0.0,0.0,0.0065
R2,3.4154,0.0,0.0,0.0,0.0,90.0,110.0,25.8045,0.0,0.0,0.0065
R2,3.5128,0.0,0.0,0.0,0.0,90.0,111.0,26.039,0.0,0.0,0.0065
R2,3.6103,0.0,0.0,0.0,0.0,90.0,,,0.0,0.0,0.0065
R2,3.7077,0.0,0.0,0.0,0.0,90.0,,,0.0,0.0,0.0
R2,3.8051,0.0,0.0,0.0,0.0,90.0,,,0.0,0.0,0.0
R2,3.9026,0.0,0.0,0.0,0.0,90.0,,,0.0,0.0,0.0
R2,4.0,0.0,0.0,0.0,0.0,90.0,,,0.0,0.0,0.0
R3,0.5,0.5487,0.7205,0.8538,0.9152,24.2211,11.0,1.1987,62.1614,2.575,59.5975
R3,0.8068,0.4615,0.6487,0.8205,0.892,28.7326,15.0,1.6344,53.2923,2.1,50.8479
R3,1.1136,0.3846,0.5846,0.7846,0.8766,33.5193,21.0,2.5083,43.8284,1.7125,41.1595
R3,1.4205,0.2872,0.5128,0.7359,0.8432,38.5784,28.0,3.1048,35.3084,1.3125,33.2053
R3,1.7273,0.2179,0.4308,0.6692,0.8072,44.1234,35.0,3.7708,27.6804,1.075,25.7793
R3,2.0341,0.1641,0.3692,0.6077,0.7506,48.856,41.0,4.6352,21.9659,0.8875,20.244
R3,2.3409,0.1333,0.3256,0.5513,0.6941,53.1234,48.0,5.2347,16.8849,0.625,15.654
R3,2.6477,0.1077,0.2641,0.4795,0.6401,58.1491,56.0,6.4115,13.4588,0.5125,12.4267
R3,2.9545,0.0795,0.2179,0.4282,0.5758,62.1645,64.0,7.2004,10.6921,0.4625,9.7862
R3,3.2614,0.0667,0.1692,0.3667,0.5347,65.964,70.0,7.4864,8.7915,0.4125,7.8238
R3,3.5682,0.0436,0.1282,0.3282,0.4833,69.3856,75.0,8.4058,6.8134,0.325,6.1742
R3,3.875,0.0308,0.0974,0.2974,0.4499,71.892,80.5,8.9826,5.4042,0.3,4.8247
R3,4.1818,0.0231,0.0846,0.2538,0.4139,74.1799,83.0,9.4836,4.1631,0.275,3.7684
R3,4.4886,0.0205,0.0744,0.2308,0.383,75.8046,86.0,10.7895,3.1934,0.225,2.9861
R3,4.7955,0.0179,0.0641,0.2051,0.3599,77.1362,90.0,11.2403,2.7409,0.2,2.4123
R3,5.1023,0.0103,0.0487,0.1795,0.3368,78.5064,90.0,12.0331,2.1332,0.15,1.8647
R3,5.4091,0.0051,0.0359,0.1564,0.3136,79.892,92.0,12.607,1.6937,0.125,1.48
R3,5.7159,0.0051,0.0333,0.1487,0.2931,80.4807,93.0,13.6459,1.2929,0.075,1.1084
R3,6.0227,0.0051,0.0282,0.1333,0.2751,81.3907,93.5,14.2123,1.0214,0.075,0.8671
R3,6.3295,0.0,0.0205,0.1205,0.2648,82.2545,90.0,15.5798,0.6852,0.05,0.6324
R3,6.6364,0.0,0.0179,0.1103,0.2494,82.9332,93.0,16.1869,0.5042,0.0375,0.4564
R3,6.9432,0.0,0.0154,0.1026,0.2365,83.347,94.0,16.757,0.3749,0.025,0.3521
R3,7.25,0.0,0.0103,0.0897,0.2159,84.0129,92.0,17.6471,0.3103,0.025,0.2804
R3,7.5568,0.0,0.0103,0.0795,0.2057,84.5116,91.0,18.1784,0.2198,0.025,0.2152
R3,7.8636,0.0,0.0077,0.0615,0.1928,85.1311,92.0,19.2102,0.1551,0.025,0.1434
R3,8.1705,0.0,0.0051,0.0487,0.1799,85.6787,93.0,20.5668,0.1422,0.025,0.1304
R3,8.4773,0.0,0.0051,0.0436,0.1722,85.8072,94.0,21.1145,0.1164,0.0125,0.1043
R3,8.7841,0.0,0.0026,0.0359,0.162,86.3805,95.0,21.5668,0.0776,0.0,0.0652
R3,9.0909,0.0,0.0026,0.0308,0.1542,86.8586,98.5,22.1484,0.0517,0.0,0.0456
R3,9.3977,0.0,0.0026,0.0231,0.1517,87.1645,99.0,22.6698,0.0517,0.0,0.0391
R3,9.7045,0.0,0.0026,0.0231,0.1414,87.4165,96.5,23.3009,0.0517,0.0,0.0391
R3,10.0114,0.0,0.0,0.0128,0.126,87.9717,97.0,24.2673,0.0517,0.0,0.0391
R3,10.3182,0.0,0.0,0.0103,0.1157,88.3136,99.0,24.646,0.0388,0.0,0.0326
R3,10.625,0.0,0.0,0.0103,0.1105,88.4679,99.5,24.6766,0.0259,0.0,0.0261
R3,10.9318,0.0,0.0,0.0103,0.1003,88.7147,103.0,25.3869,0.0129,0.0,0.013
R3,11.2386,0.0,0.0,0.0103,0.0951,88.8355,104.0,25.6903,0.0129,0.0,0.013
R3,11.5455,0.0,0.0,0.0103,0.0797,89.018,106.0,26.039,0.0129,0.0,0.013
R3,11.8523,0.0,0.0,0.0103,0.0771,89.1157,106.0,27.1484,0.0129,0.0,0.013
R3,12.1591,0.0,0.0,0.0077,0.0643,89.2545,107.5,27.4544,0.0129,0.0,0.013
R3,12.4659,0.0,0.0,0.0051,0.054,89.3933,110.0,28.32,0.0129,0.0,0.013
R3,12.7727,0.0,0.0,0.0051,0.0488,89.3959,111.0,28.1342,0.0129,0.0,0.013
R3,13.0795,0.0,0.0,0.0051,0.0463,89.437,113.0,28.7094,0.0129,0.0,0.0065
R3,13.3864,0.0,0.0,0.0051,0.0437,89.5141,113.0,28.9181,0.0129,0.0,0.0065
R3,13.6932,0.0,0.0,0.0051,0.0411,89.5424,113.0,29.7014,0.0129,0.0,0.0065
R3,14.0,0.0,0.0,0.0051,0.036,89.635,113.0,30.0948,0.0129,0.0,0.0065
