gating,rule,name,horizon_days,auc,auc_lo,auc_hi,average_precision,ap_lo,ap_hi,positive_windows,negative_windows
on,R0,Absolute level,30,0.5204,0.4597,0.5778,0.0368,0.0264,0.0567,730,21543
on,R0,Absolute level,90,0.563,0.5017,0.6234,0.1311,0.0941,0.1839,2236,21543
on,R1,Single-session velocity,30,0.5601,0.5319,0.5887,0.0394,0.0298,0.0513,730,21543
on,R1,Single-session velocity,90,0.6149,0.5904,0.6421,0.1324,0.1036,0.1657,2236,21543
on,R2,Two-consecutive velocity,30,0.5589,0.529,0.5893,0.0399,0.0301,0.0522,730,21543
on,R2,Two-consecutive velocity,90,0.6348,0.6096,0.6627,0.1536,0.1192,0.1923,2236,21543
on,R3,CUSUM,30,0.5514,0.5227,0.5799,0.0377,0.0283,0.0493,730,21543
on,R3,CUSUM,90,0.6501,0.6201,0.6826,0.2343,0.1777,0.2922,2236,21543
off,R0,Absolute level,30,0.4935,0.4306,0.5551,0.035,0.0251,0.0543,730,21543
off,R0,Absolute level,90,0.5368,0.4721,0.6001,0.1255,0.0894,0.1773,2236,21543
off,R1,Single-session velocity,30,0.5453,0.5167,0.5752,0.0381,0.0289,0.0493,730,21543
off,R1,Single-session velocity,90,0.6018,0.5761,0.6295,0.1281,0.1005,0.1601,2236,21543
off,R2,Two-consecutive velocity,30,0.5422,0.512,0.5722,0.038,0.0288,0.0494,730,21543
off,R2,Two-consecutive velocity,90,0.6209,0.5957,0.6492,0.1465,0.1139,0.1841,2236,21543
off,R3,CUSUM,30,0.5373,0.509,0.5646,0.0365,0.0274,0.0476,730,21543
off,R3,CUSUM,90,0.6386,0.6082,0.6717,0.2288,0.1724,0.2852,2236,21543
