min_sittings_per_part,flag_at_d,evaluation_flag_rate_sundowner,evaluation_flag_rate_sundowner_lo,evaluation_flag_rate_sundowner_hi,patients_ever_flagged_sundowner,patients_ever_flagged_sundowner_lo,patients_ever_flagged_sundowner_hi,patients_sundowner,evaluation_flag_rate_not_sundowner,evaluation_flag_rate_not_sundowner_lo,evaluation_flag_rate_not_sundowner_hi,patients_ever_flagged_not_sundowner,patients_ever_flagged_not_sundowner_lo,patients_ever_flagged_not_sundowner_hi,patients_not_sundowner,share_of_evaluations_with_enough_data,median_d_sundowners,median_d_others
3,0.5,0.9602,0.9498,0.9685,1.0,0.9103,1.0,39,0.1667,0.1581,0.1757,0.8634,0.8018,0.908,161,0.9144,1.3511,0.0581
3,0.8,0.8671,0.8502,0.8824,1.0,0.9103,1.0,39,0.0622,0.0567,0.0681,0.6584,0.5822,0.7272,161,0.9144,1.3511,0.0581
3,1.2,0.6089,0.5855,0.6318,1.0,0.9103,1.0,39,0.0128,0.0104,0.0158,0.2547,0.1936,0.3271,161,0.9144,1.3511,0.0581
6,0.5,0.9674,0.9574,0.9751,1.0,0.9103,1.0,39,0.156,0.147,0.1654,0.8013,0.7318,0.8563,156,0.8078,1.3604,0.0556
6,0.8,0.8772,0.86,0.8925,1.0,0.9103,1.0,39,0.0522,0.0469,0.0581,0.5833,0.5049,0.6578,156,0.8078,1.3604,0.0556
6,1.2,0.618,0.5937,0.6418,0.9744,0.8682,0.9955,39,0.0063,0.0046,0.0087,0.1603,0.111,0.2259,156,0.8078,1.3604,0.0556
10,0.5,0.9737,0.963,0.9814,1.0,0.9036,1.0,36,0.1519,0.1416,0.1627,0.7163,0.6369,0.7842,141,0.6025,1.3989,0.0674
10,0.8,0.8932,0.8743,0.9096,1.0,0.9036,1.0,36,0.0454,0.0397,0.0519,0.4752,0.3945,0.5572,141,0.6025,1.3989,0.0674
10,1.2,0.6492,0.6215,0.6759,1.0,0.9036,1.0,36,0.004,0.0025,0.0064,0.0851,0.0494,0.1429,141,0.6025,1.3989,0.0674
15,0.5,0.9786,0.9611,0.9884,1.0,0.883,1.0,29,0.1454,0.1288,0.1637,0.5946,0.5016,0.6813,111,0.2171,1.4264,0.0941
15,0.8,0.8953,0.8643,0.9199,0.9655,0.8282,0.9939,29,0.0421,0.0332,0.0532,0.2973,0.2202,0.3879,111,0.2171,1.4264,0.0941
15,1.2,0.6645,0.6206,0.7058,0.9655,0.8282,0.9939,29,0.0057,0.003,0.0109,0.0541,0.025,0.1129,111,0.2171,1.4264,0.0941
